job_title,company_name,location,salary,salary_type,Job Description,Job Tags,job_url
Data Administrator - Research Scientist 2,Minnesota Department of Health,"Saint Paul, MN",32.4,hourly,"Job Details Working Title: Data Administrator Job Class: Research Scientist 2 Agency: Health Department Job ID : 91935 Location : St. Paul Telework Eligible : Yes, Hybrid 50% Full/Part Time : Full-Time Regular/Temporary","Hourly pay, Full time, Temporary work, Part time, Live in, Work at office, Local area, Remote work, Relocation, Monday to Friday, Shift work, Day shift",https://jooble.org/away/5968186734884599128?p=1&pos=1&rgn=55157&pageType=20&ckey=data+scientist&sid=-8346189895328300746&jobAge=297&relb=10&brelb=10&scr=19999.833000039842&bscr=19999.833000039842&elckey=8897657513733978897&searchTestGroup=1_2_1&iid=-2870426143911798709
2026 Internship Program - Data Engineering Intern,Toll Brothers,"Fort Washington, PA",,Not Listed,"creating an exceptional place to work that is inclusive to all. Toll Brothers , America's leading luxury home builder, seeks a Data Engineering Intern to join our team at our Corporate office located in Fort Washington, Pennsylvania. What are the primary responsibilities","Internship, Work at office, Local area",https://jooble.org/desc/-8958610974848145229?ckey=data+scientist&rgn=55157&pos=2&groupId=1077&elckey=8897657513733978897&pageType=20&p=1&sid=-8346189895328300746&jobAge=86&relb=110&brelb=110&bscr=17602.94689608448&scr=17602.94689608448&searchTestGroup=1_2_1&iid=-3909226159901931002
Data Scientist,Insight Global,"Portland, OR",,Not Listed,"Position: Data Scientist Location: Montgomery Park – Portland, OR 1 Day On-site, 4 Days Remote Contract: 6 Month Contract-to-Hire Location: Portland (1 day a week) JOB DESCRIPTION Develop, deploy, and maintain scalable machine learning models and analytical","Contract work, Remote work, 1 day per week",https://jooble.org/away/-7569745822452893743?p=1&pos=3&rgn=55157&pageType=20&ckey=data+scientist&sid=-8346189895328300746&jobAge=14&relb=10&brelb=10&scr=15792.46273586929&bscr=15792.46273586929&elckey=8897657513733978897&searchTestGroup=1_2_1&iid=-3392431180730729344
Data Scientist,Recooty,"San Francisco, CA",80000.0,yearly,About the Role: Aries is seeking a Data Scientist to join our data team. This remote role will leverage data analytics to enhance user experience and drive business decisions. What You’ll Do: Build and maintain predictive models and data pipelines. Analyze data,Remote work,https://jooble.org/away/2850857609125217330?p=1&pos=4&rgn=55157&pageType=20&ckey=data+scientist&sid=-8346189895328300746&jobAge=62&relb=10&brelb=10&scr=15704.282105130469&bscr=15704.282105130469&elckey=8897657513733978897&searchTestGroup=1_2_1&iid=-9141041760111169991
Data Analyst,Reveleer,Remote,,Not Listed,"Data Analyst Remote Opportunity Reveleer is a healthcare data and analytics company that uses Artificial Intelligence to give health plans across all business lines greater control over their Quality Improvement, Risk Adjustment, and Member Management programs","Remote job, Full time, Local area",https://jooble.org/desc/1614091884387673076?ckey=data+scientist&rgn=55157&pos=5&groupId=1077&elckey=8897657513733978897&pageType=20&p=1&sid=-8346189895328300746&jobAge=422&relb=110&brelb=110&bscr=15574.655743123853&scr=15574.655743123853&searchTestGroup=1_2_1&iid=-5346474066849048737
DATA SCIENTIST,Goflux,"San Francisco, CA",,Not Listed,"At Flux, we rely on insightful data to power our systems and solutions. We’re seeking an experienced data scientist to deliver insights on a daily basis. The ideal candidate will have mathematical and statistical expertise, along with natural curiosity and a creative","Permanent employment, Remote work",https://jooble.org/away/2061290611881579052?p=1&pos=6&rgn=55157&pageType=20&ckey=data+scientist&sid=-8346189895328300746&jobAge=30&relb=10&brelb=10&scr=15446.16032791041&bscr=15446.16032791041&elckey=8897657513733978897&searchTestGroup=1_2_1&iid=999075704698531943
Data Scientist,First Quality,"Lewistown, PA",2500.0,monthly,"environment focused on continuous learning, professional development, and our mission to Make Things Better®. We are seeking a Data Scientist for our First Quality facilities located in McElhattan, PA; Lewistown, PA; and Macon, GA. **Must have manufacturing","Immediate start, Flexible hours",https://jooble.org/away/1996992624953383394?p=1&pos=7&rgn=55157&pageType=20&ckey=data+scientist&sid=-8346189895328300746&jobAge=110&relb=10&brelb=10&scr=15337.066116468719&bscr=15337.066116468719&elckey=8897657513733978897&searchTestGroup=1_2_1&iid=8468370170097876265
Data Scientist,"(EDO) Entertainment Data Oracle, Inc.","Los Angeles, CA",120000.0,yearly,"entertainment studios, and ad agencies. EDO’s investment-grade data align advertising investments to business results – with detailed policy of 2 days a week in any EDO office. The Role Data Scientists at EDO drive EDO's modeling and analytical methodology to","Work at office, Flexible hours, 2 days per week",https://jooble.org/away/3250316216468045786?p=1&pos=8&rgn=55157&pageType=20&ckey=data+scientist&sid=-8346189895328300746&jobAge=14&relb=10&brelb=10&scr=15292.802768743959&bscr=15292.802768743959&elckey=8897657513733978897&searchTestGroup=1_2_1&iid=-331770998043646159
Data Scientist,Arcade,"San Francisco, CA",,Not Listed,"expression, and on-demand manufacturing, and we’re building fast. Role Summary We are seeking an analytical, entrepreneurial Data Scientist to lead Arcade’s analytics, experimentation, and data science capabilities. This is a highly cross‑functional role that",Local area,https://jooble.org/away/-6295827079008016186?p=1&pos=9&rgn=55157&pageType=20&ckey=data+scientist&sid=-8346189895328300746&jobAge=62&relb=10&brelb=10&scr=15223.25566344824&bscr=15223.25566344824&elckey=8897657513733978897&searchTestGroup=1_2_1&iid=-3960049247071204715
Data Scientist,Scoutbee,"San Francisco, CA",8.0,hourly,"integrating our cutting-edge AI search algorithms and rich supplier data with Coupa’s $8T+ dataset, we’re solving complex discovery. We’re hiring a Data Scientist (US) to drive activity and engagement across our buyer-supplier","Remote work, Worldwide, Flexible hours",https://jooble.org/away/8321201863279436803?p=1&pos=10&rgn=55157&pageType=20&ckey=data+scientist&sid=-8346189895328300746&jobAge=30&relb=10&brelb=10&scr=15205.167713639934&bscr=15205.167713639934&elckey=8897657513733978897&searchTestGroup=1_2_1&iid=-8310139804094074538
Data Analyst,Zearn,Remote,75000.0,yearly,"solvers, and own work that will drive us to achieve impact at scale, we are looking for you. The Data Analyst at Zearn will create analyses and reports that empower teams across the organization to make better, faster, and more informed","Remote job, Full time, Temporary work, Flexible hours",https://jooble.org/desc/-2793415339610557791?ckey=data+scientist&rgn=55157&pos=11&groupId=1077&elckey=8897657513733978897&pageType=20&p=1&sid=-8346189895328300746&jobAge=638&relb=100&brelb=100&bscr=15129.083602619748&scr=15129.083602619748&searchTestGroup=1_2_1&iid=-6338525736755014704
Senior Data Center Mechanical Systems Engineer (AUSTIN),"JABIL CIRCUIT, INC","Austin, TX",132400.0,yearly,"expertise in metal structures, frame design, pipes and fabrication to support the development of power and cooling infrastructure for data centers. This role is critical in designing robust mechanical systems that house and support electrical and thermal management","Contract work, Part time, Remote work",https://jooble.org/away/-4841511663944144066?p=1&pos=12&rgn=55157&pageType=20&ckey=data+scientist&sid=-8346189895328300746&jobAge=59&relb=10&brelb=10&scr=14981.205348459704&bscr=14981.205348459704&elckey=8897657513733978897&searchTestGroup=1_2_1&iid=-3916074438534999139
Data Scientist,Asana,"San Francisco, CA",248000.0,yearly,"The Data Science team at Asana is pivotal in fulfilling our mission by fostering a data-driven approach in shaping both our product. Provide hands‑on technical mentorship and guidance to a team of data scientists at varying levels, helping them navigate complex modeling","Work at office, Local area, Work from home, Worldwide",https://jooble.org/away/1773541090188656351?p=1&pos=13&rgn=55157&pageType=20&ckey=data+scientist&sid=-8346189895328300746&jobAge=30&relb=10&brelb=10&scr=14917.774812766753&bscr=14917.774812766753&elckey=8897657513733978897&searchTestGroup=1_2_1&iid=1696363060591016266
Data Entry Clerk Remote | Part-Time or Full-Time | No Experience Needed,Spot On Media,Remote,30.0,hourly,"We’re looking for reliable and detail-oriented individuals to join our team as Remote Data Entry Clerks. This is a flexible opportunity ideal for someone who wants to work from home, stay organized, and handle simple administrative tasks in a supportive environment.","Remote job, Extra income, Full time, Part time, Work from home, Flexible hours",https://jooble.org/desc/9003126740454289747?ckey=data+scientist&rgn=55157&pos=14&groupId=1077&elckey=8897657513733978897&pageType=20&p=1&sid=-8346189895328300746&jobAge=254&relb=10&brelb=10&bscr=14855.091706968553&scr=14855.091706968553&searchTestGroup=1_2_1&iid=5206068662775765094
Data Center Cooling Solutions Engineer (AUSTIN),"JABIL CIRCUIT, INC","Austin, TX",132400.0,yearly,"thermal components and solid comprehension of thermal design and analysis to lead and oversee the mechanical systems essential for Data Center Infrastructure functionality. This role will involve developing specifications, selecting key components, component placement","Part time, Remote work",https://jooble.org/away/-486591859938489982?p=1&pos=15&rgn=55157&pageType=20&ckey=data+scientist&sid=-8346189895328300746&jobAge=59&relb=10&brelb=10&scr=14762.278977695809&bscr=14762.278977695809&elckey=8897657513733978897&searchTestGroup=1_2_1&iid=-6300514663771602039
"Senior Data Scientist, Decisions",Truebill,"San Francisco, CA",180000.0,yearly,and a suite of valuable services that save them time and money – ultimately giving them a leg up on their financial journey. Data Scientists at Rocket Money advance our mission by building internal and external products that strengthen customer relationships across,"Temporary work, Work at office, Remote work",https://jooble.org/away/1251019849109894827?p=1&pos=16&rgn=55157&pageType=20&ckey=data+scientist&sid=-8346189895328300746&jobAge=14&relb=10&brelb=10&scr=14664.007644374135&bscr=14664.007644374135&elckey=8897657513733978897&searchTestGroup=1_2_1&iid=-5010651669534287666
Data Analyst,Thesalonhype,Remote,,Not Listed,"Position: Data Analyst Company Overview: At Thesalonhype, we are a fast-growing company in the beauty industry, providing innovative and high-quality products to our customers. Our team is made up of passionate individuals who are committed to delivering exceptional","Remote job, Full time",https://jooble.org/desc/-3495474485127456681?ckey=data+scientist&rgn=55157&pos=17&groupId=1077&elckey=8897657513733978897&pageType=20&p=1&sid=-8346189895328300746&jobAge=182&relb=100&brelb=100&bscr=14629.552760136417&scr=14629.552760136417&searchTestGroup=1_2_1&iid=5253482085499298866
Senior Data Scientist,"Plum, Inc.","San Francisco, CA",,Not Listed,"work hard, have fun, and make a meaningful impact—both together and individually. Job Summary We are looking for a Senior Data Scientist to lead the development of scalable Generative AI pipelines that process raw data and generate context‑aware results to power","Work experience placement, Remote work",https://jooble.org/away/1026675645834015644?p=1&pos=18&rgn=55157&pageType=20&ckey=data+scientist&sid=-8346189895328300746&jobAge=30&relb=10&brelb=10&scr=14621.83247564865&bscr=14621.83247564865&elckey=8897657513733978897&searchTestGroup=1_2_1&iid=7179954092436802391
Senior Data Scientist,"Social Finance, Inc. (SoFi)","San Francisco, CA",128000.0,yearly,"way. Join us to invest in yourself, your career, and the financial world. The Role: We are seeking a full stack Senior Data Scientist who will help shape business strategy and product development decisions through data-driven insights for SoFi’s financial services","Work experience placement, Remote work, Flexible hours",https://jooble.org/away/-6060969852960810499?p=1&pos=19&rgn=55157&pageType=20&ckey=data+scientist&sid=-8346189895328300746&jobAge=86&relb=10&brelb=10&scr=14606.991784321988&bscr=14606.991784321988&elckey=8897657513733978897&searchTestGroup=1_2_1&iid=-8732335920170585788
Data Entry Clerk,Stratejic Relationships,Remote,,Not Listed,Stratejic Relationships is looking for a detail-oriented Remote Data Entry Clerk to join our team. This position offers the flexibility of working remotely while ensuring the accuracy and efficiency of data management processes critical to our success.,"Remote job, Full time, Work experience placement, Work at office, Flexible hours",https://jooble.org/desc/-5662143048975273605?ckey=data+scientist&rgn=55157&pos=20&groupId=1077&elckey=8897657513733978897&pageType=20&p=1&sid=-8346189895328300746&jobAge=422&relb=110&brelb=110&bscr=14479.066908099969&scr=14479.066908099969&searchTestGroup=1_2_1&iid=-5171334806342165410
